{"alpha_range": [0.1, 0.1298175275049849, 0.16852590447507515, 0.21877616239495523, 0.2840098047914215, 0.3686945064519575, 0.47863009232263826, 0.6213457517480757, 0.8066156921766133, 1.0471285480508996, 1.3593563908785256, 1.7646828566194999, 2.2908676527677723, 2.9739477452346046, 3.860705432153813, 5.011872336272722], "alphas_range": [0.31622776601683794, 0.3686945064519575, 0.42986623470822766, 0.5011872336272722, 0.5843414133735176, 0.6812920690579612, 0.7943282347242815, 0.9261187281287935, 1.0797751623277096, 1.258925411794167, 1.4677992676220695, 1.7113283041617806, 1.9952623149688797, 2.3263050671536263, 2.712272579332028, 3.1622776601683795], "complexity_map": [[15.9475860436746, 27.357237253658763, 29.275354897922387, 37.70122311943919, 49.12448767128554, 51.254960570237955, 48.88444976211189, 23.462921602046663, 3.1532874751926694, 0.8998456076579885, 0.8965623543294995, 0.8985190516677631, 0.8922795923120234, 0.8921538614099468, 0.891434006084871, 0.8857380422664916], [15.534585219332433, 26.318284788589, 36.75031774100726, 42.06649627327882, 52.799474674184125, 50.692851212863594, 47.49246446588984, 25.996315063071364, 4.047907810119089, 1.1469241889925128, 0.8973059082856478, 0.8905070771295241, 0.894871181875195, 0.8924262086297651, 0.8928315274956059, 0.8857181598802474], [21.88886715721048, 28.70901227680295, 32.66540870858134, 40.134948885485414, 42.97290313567755, 52.526178449894125, 42.706995815759534, 26.19648233157432, 4.00217299050557, 1.012476856455444, 0.8967503527300922, 0.8904761377545056, 0.8902578142598364, 0.892429829001738, 0.8938747446773858, 0.8886411621978666], [20.11429386726437, 27.451667850647556, 32.282399936558676, 39.682739435468, 50.117083866050024, 44.11603275378619, 45.66224296474053, 24.886091706902334, 3.0676218924928045, 1.1281940439214353, 0.8932744121994695, 0.8930647212266462, 0.8928474007613979, 0.8870558382593948, 0.8924159587975562, 0.8909069654374054], [18.142297248166567, 28.32296863129117, 32.64332541438812, 43.10288207434314, 51.46942069948192, 50.18117584212418, 46.51231397109302, 28.521123127792425, 3.668075302590379, 1.0136411221972104, 0.8939044881473598, 0.8906478741408271, 0.8931980816211477, 0.8919196646494855, 0.8925224215943306, 0.8887895887015947], [21.24056788401759, 31.342461689860595, 33.26391947466748, 42.564219535011866, 52.99658817626869, 49.75378264070702, 45.51428509006434, 24.365303042594892, 3.4327968640701134, 1.015853851804127, 0.9002602387267645, 0.892362938101828, 0.8937441974982919, 0.8903741054835015, 0.8882701775465544, 0.8906932653441303], [18.87067517033548, 26.644145100517687, 38.00036340449532, 45.72567476930865, 55.06197389186189, 55.26695449567884, 43.391978083456166, 24.913196124894196, 4.367915420183272, 1.016253820356645, 0.8950260419663035, 0.8933226166181797, 0.8913150975186541, 0.8891418868717077, 0.8874752202050411, 0.8888536663860975], [19.231823741630745, 26.699389541659695, 32.82650785665931, 44.94930536631614, 52.32293365948474, 51.22260456367485, 48.07988220570112, 29.09622831945128, 4.654505239890614, 1.2896613447533751, 0.898780329739561, 0.8924951025912851, 0.8928596536552168, 0.8912650829139568, 0.8892583709709964, 0.8904731316634745], [23.28178905177486, 26.147368896803485, 33.208203064629956, 46.76391632172513, 49.47529014388642, 50.31781836841022, 40.482037405596245, 25.35701405838583, 4.272906669444857, 0.9663671218090197, 0.8915709868513456, 0.886847343191616, 0.894002900046391, 0.8891792271772676, 0.887404708933158, 0.8874874730988601], [18.839110481053126, 26.47704101595838, 30.941707022323595, 42.299761667948, 49.780883120519555, 49.31960724772036, 41.97664907782113, 23.659396837373198, 3.6415732188900236, 1.1138855959673049, 0.8943383219212908, 0.8917893103460148, 0.8902146219909989, 0.8890900620810243, 0.8896096661116882, 0.8882968822686582], [18.292671510842478, 22.543949221553515, 36.185334269235774, 44.325540494120354, 48.89242916481539, 54.37667346310499, 44.93931500473264, 25.295848679049772, 4.022825640406436, 1.199640285787355, 0.8948242645942903, 0.893007077129524, 0.8930884198577186, 0.8922854116184619, 0.8850019249271446, 0.8865370413852961], [15.992964780937116, 24.13089538877648, 35.567309038884204, 45.89618285501707, 51.20807061176282, 48.8300697427303, 45.99751858560368, 18.584377558231527, 5.401441094896227, 0.8944222935494208, 0.8919400052127203, 0.887798389186122, 0.8898743838390816, 0.8936267103695821, 0.889893070320281, 0.8900451171959821], [17.80048200491394, 25.873392339021056, 35.59901031680939, 46.19825320264076, 56.53135433462298, 60.921073105369864, 43.26581570335125, 23.730194115506176, 4.933094386952718, 0.8952633739372754, 0.8929711256046327, 0.8907671714555234, 0.8952624376612303, 0.8911148462242423, 0.8906245642582338, 0.8900451171959821], [20.44323619181773, 25.340290229918775, 37.348794694101024, 48.277329696587366, 52.49037850503796, 57.32050061443011, 42.206630072574335, 23.376089429482477, 4.6467392351971535, 1.1220277043086455, 0.8881888348183598, 0.8928909817787144, 0.8946568675009776, 0.8940995017594359, 0.8896946292118556, 0.8885391299268627], [22.79029007306359, 29.38620539681396, 35.7500890864593, 46.77809763126408, 51.814997347203324, 53.54984697914367, 42.83108103972686, 24.43371167108003, 6.232944691635112, 1.1144796072745013, 0.8864683402993997, 0.8854562553682616, 0.8865609328919923, 0.8876312762011942, 0.8909937387235596, 0.8884551698561163], [20.512795447049772, 32.75882438394998, 33.2276948867007, 47.77551398159193, 57.25097439494383, 55.10858142596894, 45.287007607732846, 29.120450435279068, 4.712900782111103, 0.9987960493978711, 0.8860262627521017, 0.8909559770126815, 0.8861463672233633, 0.8898145408074939, 0.8891477061781464, 0.8904090539789721]], "n_alpha": 16, "n_alphas": 16, "peak": {"alpha": 2.2908676527677723, "alpha_s": 0.6812920690579612, "score": 60.921073105369864, "i": 12, "j": 5}, "our_universe": {"alpha": 1.0, "alpha_s": 1.0, "score": 23.659396837373198, "percentile": 57.8125, "i": 9, "j": 7}, "adams_region": {"mean_score": 22.28580028277461, "overall_mean": 19.29737801607773, "ratio": 1.1548615705308285}, "near_zero_fraction": 0.0}