{
  "alpha_range": [
    0.1,
    0.15448591479026755,
    0.2386589786858581,
    0.3686945064519575,
    0.5695810810737686,
    0.8799225435691069,
    1.3593563908785256,
    2.100014155708655,
    3.24422607917163,
    5.011872336272722
  ],
  "alphas_range": [
    0.31622776601683794,
    0.4084238652674521,
    0.5274997063702618,
    0.6812920690579612,
    0.8799225435691069,
    1.1364636663857248,
    1.4677992676220695,
    1.8957356524063753,
    2.448436746822227,
    3.1622776601683795
  ],
  "complexity_map": [
    [
      7.121327649517201,
      12.123145886390661,
      16.635472436320427,
      16.549065760030715,
      13.55921522569974,
      3.67904843379189,
      0.6992254037828718,
      0.6913892155777198,
      0.6975743024230603,
      0.7056418616398985
    ],
    [
      6.837037307295262,
      12.690068843346536,
      15.337744326452167,
      18.412325128774942,
      13.950048095982604,
      2.5936505249053288,
      0.7833416475708717,
      0.6974441256221579,
      0.6954293392086836,
      0.704381145612443
    ],
    [
      8.949831938988256,
      11.797582299560128,
      15.10301365879984,
      16.677865103321952,
      13.389793065433038,
      3.1010434005421534,
      0.7937403837367786,
      0.693552710652808,
      0.7061272084702827,
      0.7005465695615901
    ],
    [
      8.008058437187062,
      12.848651560755634,
      15.955827920068744,
      18.831579661400788,
      14.692190565558166,
      3.136914637605649,
      0.7814106673538367,
      0.6909035293703126,
      0.6886706957265938,
      0.7008131002466708
    ],
    [
      7.033159292124341,
      11.35513249708052,
      16.23177617044542,
      17.843887028243454,
      13.93937300171032,
      2.823638226958367,
      0.7890753188075861,
      0.6915762604253701,
      0.7002168908221259,
      0.696397911763587
    ],
    [
      7.861305737228418,
      11.202456846725193,
      16.90440638472691,
      17.257685908204493,
      13.959607000941638,
      3.6835823464088904,
      0.7742258820398589,
      0.6917868465171876,
      0.7027435105191756,
      0.6997296353147832
    ],
    [
      8.59026796408183,
      12.477355871501503,
      16.835998663473863,
      19.607115899717552,
      15.017676472394433,
      3.687213354589737,
      0.7608361954147451,
      0.6918243710170827,
      0.7015325993031959,
      0.7041039065396338
    ],
    [
      9.117598068646231,
      13.92205386902082,
      18.052352547470033,
      20.317020286826672,
      14.721472095646234,
      4.068587809988849,
      0.747856076386328,
      0.7004512212594664,
      0.6911463812404781,
      0.6987707427496727
    ],
    [
      9.081484711043725,
      15.323317214981325,
      17.50612512096394,
      19.855632892129083,
      14.631846804433012,
      4.201938399585997,
      0.7782970206303857,
      0.6916050113432957,
      0.6932097219272255,
      0.7006156655270677
    ],
    [
      8.898781369959082,
      14.069216399949994,
      19.93551868135323,
      19.847133238963966,
      16.597528613664892,
      4.317546285755538,
      0.8231273274916981,
      0.690949704800809,
      0.6979847242797007,
      0.6950478398940608
    ]
  ],
  "state_map": [
    [
      "Active",
      "Active",
      "Active",
      "Active",
      "Active",
      "Collapsed",
      "Collapsed",
      "Collapsed",
      "Collapsed",
      "Collapsed"
    ],
    [
      "Dispersed",
      "Active",
      "Active",
      "Active",
      "Active",
      "Collapsed",
      "Collapsed",
      "Collapsed",
      "Collapsed",
      "Collapsed"
    ],
    [
      "Active",
      "Active",
      "Active",
      "Active",
      "Active",
      "Collapsed",
      "Collapsed",
      "Collapsed",
      "Collapsed",
      "Collapsed"
    ],
    [
      "Active",
      "Active",
      "Active",
      "Active",
      "Active",
      "Collapsed",
      "Collapsed",
      "Collapsed",
      "Collapsed",
      "Collapsed"
    ],
    [
      "Active",
      "Active",
      "Active",
      "Active",
      "Active",
      "Collapsed",
      "Collapsed",
      "Collapsed",
      "Collapsed",
      "Collapsed"
    ],
    [
      "Active",
      "Active",
      "Active",
      "Active",
      "Active",
      "Collapsed",
      "Collapsed",
      "Collapsed",
      "Collapsed",
      "Collapsed"
    ],
    [
      "Active",
      "Active",
      "Active",
      "Active",
      "Active",
      "Active",
      "Collapsed",
      "Collapsed",
      "Collapsed",
      "Collapsed"
    ],
    [
      "Dispersed",
      "Active",
      "Active",
      "Active",
      "Active",
      "Collapsed",
      "Collapsed",
      "Collapsed",
      "Collapsed",
      "Collapsed"
    ],
    [
      "Dispersed",
      "Active",
      "Active",
      "Active",
      "Active",
      "Collapsed",
      "Collapsed",
      "Collapsed",
      "Collapsed",
      "Collapsed"
    ],
    [
      "Active",
      "Active",
      "Active",
      "Active",
      "Active",
      "Active",
      "Collapsed",
      "Collapsed",
      "Collapsed",
      "Collapsed"
    ]
  ],
  "island_map": [
    [
      false,
      false,
      false,
      false,
      false,
      false,
      false,
      false,
      false,
      false
    ],
    [
      false,
      false,
      false,
      false,
      false,
      false,
      false,
      false,
      false,
      false
    ],
    [
      false,
      true,
      true,
      true,
      true,
      true,
      true,
      true,
      true,
      false
    ],
    [
      false,
      true,
      true,
      true,
      true,
      true,
      true,
      true,
      true,
      false
    ],
    [
      false,
      true,
      true,
      true,
      true,
      true,
      true,
      true,
      true,
      false
    ],
    [
      false,
      true,
      true,
      true,
      true,
      true,
      true,
      true,
      true,
      false
    ],
    [
      false,
      true,
      true,
      true,
      true,
      true,
      true,
      true,
      true,
      false
    ],
    [
      false,
      true,
      true,
      true,
      true,
      true,
      true,
      true,
      true,
      false
    ],
    [
      false,
      true,
      true,
      true,
      true,
      true,
      true,
      true,
      true,
      false
    ],
    [
      false,
      false,
      false,
      false,
      false,
      false,
      false,
      false,
      false,
      false
    ]
  ],