state,score,score_std,mean_H,std_H,opacity_ch,mi1,decay,tcomp,gzip,w_H,w_OP_s,w_OP_t,w_T,w_G
deep_sleep,0.480308,0.039237,0.110158,0.260302,0.148123,0.756997,0.566465,0.953947,0.043914,0.999959,0.627995,0.982961,0.55881,0.533233
sleep_spindles,0.547651,0.056702,0.909393,0.097693,0.705958,0.193855,0.149818,0.737747,0.175164,0.999202,0.894329,0.833799,0.980784,0.323606
awake_rest,0.382782,0.044374,0.765199,0.215331,0.783579,0.102535,0.08069,0.679605,0.170806,1.0,0.789619,0.496708,0.816033,0.368047
active_task,0.071159,0.014808,0.961914,0.050119,0.626836,0.004042,0.003085,0.458882,0.184046,0.952425,0.949215,0.002798,0.320917,0.243861
seizure,0.00103,0.002061,0.002965,0.033415,0.002477,0.548706,0.0,0.898438,0.025822,0.151131,0.012369,0.0,0.999512,0.332871
