{
  "dead": {
    "f": 0.09,
    "k": 0.059,
    "expected": "trivial",
    "desc": "v dies \u2014 no reaction",
    "C_by_pool": {
      "1": 0.0,
      "2": 0.0,
      "4": 0.0,
      "8": 0.0
    },
    "peak_pool": 1,
    "peak_C": 0.0
  },
  "static_spots": {
    "f": 0.042,
    "k": 0.065,
    "expected": "ordered",
    "desc": "stable Turing spots",
    "C_by_pool": {
      "1": 0.0030073811682219138,
      "2": 0.005526842149090886,
      "4": 0.009482394526111304,
      "8": 0.01068201934712408
    },
    "peak_pool": 8,
    "peak_C": 0.01068201934712408
  },
  "self_rep_spots": {
    "f": 0.03,
    "k": 0.057,
    "expected": "complex",
    "desc": "self-replicating spots",
    "C_by_pool": {
      "1": 0.0065156909289780605,
      "2": 0.004015522318020026,
      "4": 0.0016199352668592624,
      "8": 0.0002430545900980568
    },
    "peak_pool": 1,
    "peak_C": 0.0065156909289780605
  },
  "worm_complex": {
    "f": 0.055,
    "k": 0.062,
    "expected": "complex",
    "desc": "labyrinthine worms",
    "C_by_pool": {
      "1": 0.008835365026779868,
      "2": 0.01614144492574668,
      "4": 0.023130048601302806,
      "8": 0.016417257815910385
    },
    "peak_pool": 4,
    "peak_C": 0.023130048601302806
  },
  "solitons": {
    "f": 0.025,
    "k": 0.06,
    "expected": "complex",
    "desc": "moving solitons",
    "C_by_pool": {
      "1": 0.03274056593354069,
      "2": 0.02830322452593896,
      "4": 0.01033848031158537,
      "8": 0.0008909158632321929
    },
    "peak_pool": 1,
    "peak_C": 0.03274056593354069
  },
  "chaotic": {
    "f": 0.026,
    "k": 0.051,
    "expected": "chaotic",
    "desc": "turbulent chaos",
    "C_by_pool": {
      "1": 0.10065583810939771,
      "2": 0.1537450713341589,
      "4": 0.19536096402213984,
      "8": 0.17894117799720535
    },
    "peak_pool": 4,
    "peak_C": 0.19536096402213984
  }
}